Type of wearable system;Keywords;Manufacturer;Family devices;System variety;Communication interfaces;Data protocol ;Smartphone/PC integration;Direct integration with health platforms (Apple Health, Google Fit) ;3rd party integration with health platforms (Apple Health, Google Fit) ;Connection to Health Care System/Middleware;Health data types ;Integrated sensors; Medical device;User data access;Developers access;URL/System;Source of information;Short description;Availability of the device
Artificial pancreas;DIY, artificial pancreas;AndroidAPS;1;Not applicable;Not applicable;OpenSource;Yes (Android);No;No;No;None;None;No;Yes;Yes;https://github.com/MilosKozak/AndroidAPS;;Modular, open source artificial pancreas app ;Available
Artificial pancreas;DIY, artificial pancreas;Loop;1;Not applicable;Not applicable;OpenSource;Yes (iOS);No;No;No;None;None;No;Yes;Yes;https://github.com/LoopKit/Loop;;Automated insulin delivery system ;Available
Artificial pancreas;DIY, artificial pancreas;OpenAPS;1;Not applicable;Not applicable;OpenSource;Yes (Android,iOS);No;No;No;None;None;No;Yes;Yes;https://openaps.org ;;Open source artificial pancreas;Available
Earphones;Wireless, earphones, heart-rate;SMS Audio;1;Biosport;Bluetooth;Proprietary;Yes (iOS, Android);No;No;No;HR, HRV;Heart Rate Sensor;No;No;No;https://smsaudio.com/;http://vandrico.com/wearables;Earphones providing body monitoring;Discontinued
Earphones;Earphones;Bragi;1;Dash;Bluetooth;Heart rate service (Bluetooth Smart);Yes (Android,iOS);Yes (Google Fit, Apple Health);No;Yes (Shimmer);HR;Accelerometer, Gyroscope, Thermometer, Oxymeter;No;Yes (Bluetooth);Yes;https://www.bragi.com/;http://vandrico.com/wearables;Bluetooth-connected headphones with sensors;In production
Earphones;Earphones;Lumafit;1;Lumafit;Bluetooth;Proprietary;Yes (Android,iOS);Yes (Google Fit, Apple Health);No;Yes (Shimmer);HR;Oxymeter;No;No;No;http://www.lumafit.com/;http://vandrico.com/wearables;Interactive fitness coach headphones;In production
Earphones;Bone conduction, speaker;Sonitus Medical Inc.;1;SoundBite;WiFi;Proprietary;No;No;No;No;None;Bone Conduction Speaker;No;No;No;http://www.sonitusmedical.com/;http://vandrico.com/wearables;Wearable hearing aid designed to be worn on the inside of the mouth;Not released yet
Glasses;Dreaming, night;BitBanger Labs;1;Remee;None;None;No;No;No;No;None;None;No;No;No;http://sleepwithremee.com/;http://vandrico.com/wearables;Device designed to increase the frequency of Lucid Dreams;In production
Glasses;Glasses, bone-conductivity;Buhel;4;G31, G33, SG04/SG05, D01/D02;Bluetooth;Proprietary;Yes (iOS, Android, Windows Mobile, Blackberry);No;No;No;None;None;No;No;No;http://www.buhel.com/;http://vandrico.com/wearables;Wearable smart glasses with speakers;In production
Glasses;Glasses, LED;Japanese Institute of Advanced Media Arts and Sciences (IAMAS) and Paris Miki Holdings Inc;1;Fun'iki Ambient Glasses;USB, Bluetooth;Proprietary;Yes (Android, iOS, Windows, OSX);No;No;No;None;Accelerometer;No;No;No;http://fun-iki.com/index_en.html;http://vandrico.com/wearables;Wearable smart glasses with LED diodes signalization;In production
Glasses;Virtual reality, glass;Meta;1;META 2 Augmented Reality Headset;Proprietary;Proprietary;Yes (Windows, iOS);No;No;No;None;Undisclosed;No;No;No;https://www.metavision.com;http://vandrico.com/wearables;Accelerometer, Gyroscope, Magnetometer, Compass;In production
Glasses;Glasses, HUD, AR;Optinvent;2;Ora-2, Ora-X;Bluetooth, USB, WiFi;Proprietary;Yes (Android, Blackberry, iOS, Windows Mobile);No;No;No;None;Accelerometer, Gyroscope, Magnetometer, Compass, GPS;No;No;No;http://www.optinvent.com/produit/ora-2;http://vandrico.com/wearables;Combined HUD and AR display in a form of glasses;In production
Glasses;Glasses, HUD, AR;Orcam;1;Orcam;Unknown;Proprietary;No;No;No;No;Unknown;Unknown;No;No;No;http://www.orcam.com/;http://vandrico.com/wearables;Artificial vision device that allows the visually impaired to understand text and identify objects;In production
Glasses;Smart glasses;Recon;3;Jet, Snow, Engage;Bluetooth, ANT, WiFi;Proprietary;Yes (Android,iOS);No;No;No;PA (ST + EE);Accelerometer, Audio Speaker, Barometer, Clock, DLP Display, GPS, Gyroscope, Microphone, Photo Camera, Video Camera, Touch Interface, Magnetometer & Thermometer ;No;Yes;Yes;http://www.reconinstruments.com;http://vandrico.com/wearables;Smart glasses for athletes;In production
Glasses;Smart glasses;Vuzix ;9;1200DX, 1200DX-AR, 1200DX-VR, AR3000, Blade 3000, M100, M2000AR, M300, M3000;HDMI, USB ;Proprietary;Yes (Windows, OSX, Linux);No;No;No;None;None;No;No;Yes;https://www.vuzix.com;http://vandrico.com/wearables;Augmented reality glasses;In production
Gloves;Virtual reality, glove;CyberGlove Systems;6;CyberTouch, CyberTouch II,  CyberGlove II, CyberGlove III, CyberGrasp, CyberForce;WiFi, USB;Proprietary;Yes (Windows);No;No;No;Motion analysis;IMU sensor;No;Yes;Yes;http://www.cyberglovesystems.com/;http://google.com;Glove for motion capture;In production
Gloves;Glove, gaming;Iron Will Innovations Canada;1;Peregrine;USB;Proprietary;Yes (Windows, OSX, Linux);No;No;No;None;None;No;No;No;http://theperegrine.com;http://vandrico.com/wearables;Glove designed for gamers that works as a controller thanks to sensors located on the tip of the fingers;In production
Gloves;Virtual reality, glove;Manus VR;1;Manus VR;RF, Bluetooth;Proprietary;Yes (Windows);No;No;No;Motion analysis;Gyroscope, Accelerometer, Magnetometer;No;Yes (Bluetooth);Yes;https://manus-vr.com;http://google.com;Virtual reality glove;In production
Gloves;Virtual reality, glove;Senso Devices Inc.;1;Senso;Bluetooth;Proprietary;Yes (Android, OSX, Windows, Linux);No;No;No;Motion analysis;Multiple IMU sensors;No;Yes (Bluetooth);Yes;https://senso.me/;http://google.com;Gloves for virtual and augmented reality;In production
Gloves;Golf, coaching, glove;SensoGlove;1;SensoGlove;USB;Proprietary;No;No;No;No;Motion analysis;Undisclosed;No;No;No;http://www.sensoglove.com/;http://google.com;Smart glove designed for golfers;In production
Gloves;Virtual reality, glove;BreqLabs;1;ExoGlove;Undisclosed (wireless);Proprietary;Unknown;No;No;No;Motion analysis;Ultrasonic tracking, IMU sensor;No;No;Yes;http://www.breqlabs.com/website/;http://google.com;Virtual reality glove;Not released yet
Gloves;Glove, fitness;Everyday Olympian;1;PureCarbon;Bluetooth;Proprietary;Yes (iOS);No;No;No;Motion analysis;Accelerometer, Gyroscope;No;No;No;http://www.purecarbon.co/;http://google.com;Fitness gloves;Not released yet
Gloves;Music controller, glove;mi.mu gloves;1;mi.mu gloves;WiFi;Proprietary;Yes (Windows);No;No;No;Motion analysis;IMU sensor;No;No;No;http://mimugloves.bigcartel.com;http://google.com;Gloves for the performance and composition of music;Not released yet
Gloves;Glove, virtual reality;Noitom;1;Hi5 VR Glove;Undisclosed (wireless);Proprietary;Yes (Windows);No;No;No;Motion analysis;IMU sensor;No;No;No;https://hi5vrglove.com/;http://google.com;Virtual reality glove;Not released yet
Gloves;Virtual reality, glove;SenseGlove;1;Sense Glove;Bluetooth;Proprietary;Yes (Windows);No;No;No;Motion analysis;Multiple IMU sensors;No;Yes (Bluetooth);Yes;http://www.senseglove.com/;http://google.com;Virtual reality hand controller with haptic feedback;Not released yet
Industry tool;Tracking device;Zebra;1;Dart Tag;Ultra Wide Band, WiFi;Proprietary;No;No;No;No;None;None;No;No;No;https://www.zebra.com/us;http://vandrico.com/wearables;Device for tracking assets and personnel;In production
Industry tool;Barcode, scanner;Zebra;2;RS6000, RS4000;Bluetooth, NFC;Proprietary;Yes (Android);No;No;No;None;Camera;No;No;No;https://www.zebra.com/us;http://vandrico.com/wearables;Wearable barcode scanner;In production
Industry tool;Personal computer;Zebra;2;WT41N0, WT6000;Bluetooth, NFC, WiFi, USB;Proprietary;No;No;No;No;None;None;No;Yes (Bluetooth);Yes;https://www.zebra.com/us;http://vandrico.com/wearables;Multipurpose wearable computer;In production
Insulin pump;Insulin pump;Animas ;3;Ping, 2020, Vibe;RF Radio;Proprietary;No;No;No;Yes (Tidepool);BG;None;Yes (FDA approved, CE marked);No;No;https://www.animas.com ;http://tidepool.org/products/tidepool-uploader/;Insulin pump;In production
Insulin pump;Insulin pump;Insulet;1;Omnipod;RF Radio;Proprietary;No;No;Yes;Yes (Tidepool, Glooko);BG;None;Yes (FDA approved, CE marked);No;No;https://www.myomnipod.com/ ;http://tidepool.org/products/tidepool-uploader/;Insulin pump;In production
Insulin pump;Insulin pump;Roche;1;G4Roche Accu-Chek Combo ;Bluetooth ;Proprietary;Yes (Android,iOS);No;No;No;BG;None;Yes (FDA approved, CE marked);No;No;https://www.accu-chek.com;;Insulin pump;In production
Insulin pump;Insulin pump;Sooil ;1;DANA R Insulin pump;Bluetooth;Proprietary;Yes (Android);No;No;No;BG;None;Yes (FDA approved, CE marked);No;No;http://www.sooil.com ;;Insulin pump;In production
Insulin pump;Insulin pump;Tandem Diabetes Care;3;t:slim X2, t:slim G4, t:flex;RF Radio, Bluetooth;Proprietary;No;No;No;Yes (Tidepool);BG;None;Yes (FDA approved, CE marked);No;No;https://www.tandemdiabetes.com;http://tidepool.org/products/tidepool-uploader/;Insulin pump;In production
Other;Sleep mask, sleep analysis;Inteliclinic;1;Neuroon;Bluetooth, USB;Proprietary;Yes (iOS, Android);No;No;No;EEG, EOG, Pulse, Motion, Temperature;Accelerometer, EEG Sensor, Thermometer, Oximeter, Temperature Sensor;No;No;No;https://neuroon.com/;http://vandrico.com/wearables;Sleep tracking device;In production
Other;Strap, watch, notifications;Montblanc;1;TimeWalker Urban Speed e-Strap;Bluetooth;Proprietary;Yes (iOS, Android);No;No;No;None;None;No;No;No;http://www.montblanc.com/en-us/discover/sihh-2015/timewalker-urban-speed-collection.html;http://vandrico.com/wearables;Watch strap;In production
Other;Therapy, ulcer, diabetes;NeuroMetrix;1;Sensus Pain Management System;None;None;No;No;No;No;Therapeutic;Electrical nerve stimulator;Yes (FDA approved, CE marked);No;No;http://www.sensusrx.com/learn-about-sensus/sensus-pain-management-system.html;http://vandrico.com/wearables;Electrotherapy device designed for relief of chronic pain in the lower legs and feet;In production
Other;Communication, PPT;Orion Labs;1;Onyx;Bluetooth;Proprietary;Yes (iOS, Android);No;No;No;None;None;No;No;No;https://www.orionlabs.io/onyx/;http://vandrico.com/wearables;Communication system designed to replace two way radios;In production
Other;Incotinency, urine analysis;Pixie Scientific;1;Smart Diaper;Image recognition;Proprietary;Yes (iOS);No;No;No;Urine analysis;Undisclosed;No;No;No;https://www.pixiescientific.com;http://vandrico.com/wearables;Passive system that uses chemical marker that react with the child's urine and change color accordingly;In production
Other;Neurostimulation ;Quell;1;Quell;Bluetooth, USB;Proprietary;Yes (iOS, Android);No;No;No;None;Accelerometer;No;No;No;https://www.quellrelief.com;http://vandrico.com/wearables;Wearable device designed to provide widespread relief from chronic pain;In production
Other;Gaming;Razer;1;OSVR;USB;Proprietary;Yes (Windows, OSX, Linux);No;No;No;None;Accelerometer, Gyroscope, Magnetometer;No;No;No;https://www.razerzone.com/osvr;http://vandrico.com/wearables;Open-source virtual reality headset kit;In production
Other;Safety, helmet, head injury;Reebok;1;Checklight;USB;Proprietary;No;No;No;No;None;Accelerometer;No;No;No;http://www.reebok.com;http://vandrico.com/wearables;Impact detection sensor;In production
Other;Socks;Siren;1;Siren;Bluetooth;Proprietary;Yes (iOS, Android);No;No;No;TMP;Temperature sensor;No;No;No;https://siren.care;http://google.com;Diabetes sock with a temperature sensor preventing development of ulcer;In production
Other;Wearable metronome device;Soundbrenner;1;Pulse;Bluetooth;Proprietary;Yes (Android, iOS);No;No;No;None;None;No;No;No;http://www.soundbrenner.com/;http://vandrico.com/wearables;Wearable metronome device for musicians;In production
Other;Wearable computer;Rufus Labs;1;Rufus Cuff;WiFi, Bluetooth;Proprietary;Yes (iOS, Android);No;No;No;None;Accelerometer, GPS, Gyroscope;No;No;No;http://www.getrufus.com/;http://vandrico.com/wearables;Wearable wrist computer;Not released yet
Other;Contactless payment syst?m;Barclaycard;1;bPay Wristband ;NFC;Proprietary;Yes (Android, iOS);No;No;No;None;None;No;No;No;https://www.bpay.co.uk/ ;http://vandrico.com/wearables;Wristband providing contactless payment capabilities;Product discontinued
Other;Personal Health Information device;Code4Armour;1;Code4Armour;NFC;Proprietary;Yes (Android, iOS);No;No;No;None;None;No;No;No;http://code4armor.com;http://vandrico.com/wearables;Wearable device and mobile app that gives First Responders instant access to critical Personal Health Information ;Product discontinued
Prosthesis;Hand prosthetis;Rslsteeper;1;Be Bionic;USB;Proprietary;No;No;No;No;EMG;None;No;No;No;http://rslsteeper.com/;http://vandrico.com/wearables;Intelligent wearable hand prosthesis ;In production
Prosthesis;Artificial prosthetis;Touch Bionics ;1;I-limb Ultra;Bluetooth;Proprietary;Yes (iOS, Windows, OSX);No;No;No;None;None;No;No;No;http://www.touchbionics.com ;http://vandrico.com/wearables;Wearable prosthetic hand;Not released yet
Tracker;CGM, FGM;Abbott;2;Freestyle Libre, Navigator 2;RF Radio, NFC;Proprietary;No;No;Yes;Yes (Tidepool);BG;None;Yes (FDA approved, CE marked);No;No;https://abbottdiabetescare.no ;http://tidepool.org/products/tidepool-uploader/;Continuous blood glucose monitor;In production
Tracker;Electroshock, punishment, bad habbit;Behavioral Technology Group;1;Pavlok;Bluetooth;Proprietary;Yes (Android, iOS);No;No;No;None;None;No;No;No;https://pavlok.com/;http://vandrico.com/wearables;Wearable device to make a user break from bad habbits;In production
Tracker;Gait analysis;Biosensics;2;LegSys, LegSys+;Bluetooth;Proprietary;Yes (iOS, Windows Mobile, Android);No;No;No;Temporal and Spatial Gait parameters, Knee and Hip angles, Pelvis movement;Accelerometer, Gyroscope;No;No;No;https://www.biosensics.com/products/legsys/;http://vandrico.com/wearables;Wearable sensor for quantitative gait analysis;In production
Tracker;Activity sensor;Biosensics;1;PamSys;Bluetooth;Proprietary;Yes (Windows, OSX);No;No;No;Posture, Postural transitions, Gait, Falls;ECG, Gyroscope, GPS;No;No;No;https://www.biosensics.com/products/pamsys/;http://vandrico.com/wearables;Wearable platform for long-term objective evaluation of physical activity during everyday life;In production
Tracker;Balance analysis ;Biosensics;1;BalanSens;Bluetooth;Proprietary;Yes (iOS, Windows Mobile, Android);No;No;No;Center of Mass (COM) motion, Anterior-Posterior motion, Medial-lateral motion, Ankle and hip angles, Sway velocity, Sway area, Reciprocal Compensatory index;Accelerometer, Gyroscope;No;No;No;https://www.biosensics.com/products/balansens/;http://vandrico.com/wearables;Wearable system for balance assessment;In production
Tracker;Shirt, e-textile;Carr? Technologies;1;Hexoskin;Bluetooth, USB;Proprietary;Yes (iOS, Windows, OSX, Android);No;No;No;PA (ST + EE), HR (Zones, Recovery, Resting), VO2Max, Minute ventilation, Breath Rate;Respiratory Monitor, Heart Rate Monitor, Pedometer, ECG Sensor, Accelerometer, Thermometer, Temperature Sensor, EKG Sensor;No;Yes (REST API);No;https://www.hexoskin.com/;http://vandrico.com/wearables;Fabric shirt with built-in sensors that measures fitness data;In production
Tracker;CGM;Dexcom;2;G4, G5;RF Radio, Bluetooth;Proprietary;Yes (Android,iOS);No;Yes;Yes (Tidepool, Glooko);BG;None;Yes (FDA approved, CE marked);No;No;https://www.dexcom.com;http://tidepool.org/products/tidepool-uploader/;Continuous blood glucose monitor;In production
Tracker;Cap, fatigue, awarness;Edan Safe Pty Ltd;1;Smart Cap;Bluetooth;Proprietary;No;No;No;No;None;EEG, GPS;No;No;No;http://www.smartcaptech.com;http://vandrico.com/wearables;Smart cap developed to overcome the limitations of fatigue monitoring technologies;In production
Tracker;Wristband, watch;Empatica;2;E4 wristband, Embrace Watch;Bluetooth;Proprietary;Yes (iOS, Android, Windows);No;No;No;PA (ST + EE), BVP, HR, HRV, GSR, TMP;Accelerometer, photoplethysmography sensor, EDA sensor, temperature sensor;Yes (FDA approved, CE marked);Yes (Bluetooth);No;https://www.empatica.com/e4-wristband;http://vandrico.com/wearables;Wristband for monitoring physiological signals in real-time;In production
Tracker;Security, alarm, bracelet;Everfind;1;Safelet;Bluetooth;Proprietary;Yes (Android, iOS);No;No;No;None;GPS;No;No;No;http://www.safelet.com/;http://vandrico.com/wearables;Wirelessly-connected bracelet with a panic button alerting users caregivers;In production
Tracker;Heart Rate Monitor;Finis ;1;AquaPulse;None;None;No;No;No;No;HR;Heart rate sensor;No;No;No;http://www.finisinc.com/aquapulse-heart-rate-monitor.html;http://vandrico.com/wearables;Under water heart rate monitor;In production
Tracker;Pedometer, Children;Geopalz;1;Ibitz;Bluetooth;Proprietary;Yes (iOS);No;No;No;None;Accelerometer;No;No;No;http://geopalz.com/index_classic.php/features/;http://vandrico.com/wearables;Wearable pedometer for children;In production
Tracker;Activity sensor;Healbe;2;GoBe, GoBe 2;Bluetooth;Proprietary;Yes (iOS, Android, Windows, OSX);No;No;No;PA (ST + EE), SL;Accelerometer, Skin impedance, Oximeter;No;Yes (Bluetooth, REST API);No;https://healbe.com;http://vandrico.com/wearables;Fitness tracker;In production
Tracker;Crash sensor;Icedot;1;Crash Sensor;Bluetooth;Proprietary;Yes (iOS, Android);No;No;No;None;Accelerometer, Gyroscope;No;No;No;http://site.icedot.org/site/crash-sensor/;http://vandrico.com/wearables;Crash sensor intended to be worn on a helmet;In production
Tracker;Earlobe, Non-invasive;Integrity Applications;1;GlucoTrack;USB;Proprietary;Unknown;Unknown;Unknown;Unknown;BG;None;Unknown;Unknown;No;http://www.integrity-app.com/the-glucotrack/;https://www.wearable-technologies.com/2016/07/new-ways-for-monitoring-diabetes/;Non-invasive BG sensor;In production
Tracker;Heart rate, patch;Irythm;1;Zio XT Patch;Bluetooth;Proprietary;Yes (iPhone);No;No;No;HR;None;No;No;No;http://www.irhythmtech.com/products-services/zio-xt;http://vandrico.com/wearables;Wearable patch analyzing heart rate;In production
Tracker;Activity sensor;Jawbone;3;UP Move, UP2, UP3;Bluetooth;Proprietary;Yes (Android,iOS);No;Yes (FitnesSyncer);Yes (Shimmer, Glooko);PA (ST + EE), SL, HR, GSR;Accelerometer, Gyroscope;No;Yes (REST API);No;https://jawbone.com ;http://vandrico.com/wearables. http://www.getshimmer.co/;Wrist worn physical activity tracker;In production
Tracker;Footbed, expert system;JumpStartCSR;1;IDM PERFORM;Bluetooth;Proprietary;Yes (iOS, Android);No;No;No;None;Accelerometer, Gyroscope;No;No;No;http://jumpstartcsr.com/;http://vandrico.com/wearables;Intelligent footbed that collects physiological and biomechanical data;In production
Tracker;Position tracker;KMS;1;Kit Wristband;WiFi, GSM;Proprietary;Yes (iOS, Android);No;No;No;None;GPS;No;No;No;http://www.wriot.net/product/KMS/Kit_wristband;http://vandrico.com/wearables;Band for children and vulnerable adults for their safety in case they get lost;In production
Tracker;Activity sensor, shoe, insule;Lechal;1;Lechal Shoe;Bluetooth;Proprietary;Yes (iOS, Android);No;No;No;PA (ST + EE);Accelerometer, Gyroscope;No;No;No;http://www.lechal.com;http://vandrico.com/wearables;Shoe insules providing navigation and physical activity tracking capabilities;In production
Tracker;Ring, gestures;Logbar;1;Ring;Bluetooth;Proprietary;Yes (iOS, Android);No;No;No;None;Accelerometer;No;Yes (Bluetooth);No;http://ringzero.logbar.jp/;http://vandrico.com/wearables;Ring with gestures recognition capabilities;In production
Tracker;Posture, coaching;Lumo Body Tech;1;Lift;Bluetooth, USB;Proprietary;Yes (iOS, Android);No;No;No;None;Undisclosed;No;Yes (REST API);No;http://www.lumobodytech.com/lumo-lift/;http://vandrico.com/wearables;Posture coaching device;In production
Tracker;Run, coaching;Lumo Body Tech;1;Run;Bluetooth;Proprietary;Yes (iOS);No;No;No;None;Accelerometer, Gyroscope, Magnetometer;No;Yes (REST API);No;http://www.lumobodytech.com/lumo-run;http://vandrico.com/wearables;Real-time run coaching device;In production
Tracker;Headset, awarness, fatigue;Maven;1;Co-pilot;Bluetooth;Proprietary;Yes (iOS, Android);No;No;No;None;Microphone, Accelerometer, Gyroscope, Magnetometer, Compass;No;No;No;http://mavenmachines.com/co-pilot/;http://vandrico.com/wearables;Wearable device designed to address truck driver fatigue and distraction;In production
Tracker;CGM;Medtronics ;2;Enlite, Minimed;RF Radio, Bluetooth (via adapter);Proprietary;Yes (Android,iOS);No;Yes;Yes (Tidepool, Glooko);BG;None;Yes (FDA approved, CE marked);No;No;https://www.medtronicdiabetes.com/products/enlite-sensor ;http://tidepool.org/products/tidepool-uploader/;Continuous blood glucose monitor;In production
Tracker;Camera, Life camera;meMINI;1;meMINI;WiFi, Bluetooth, USB;Proprietary;Yes (iOS);No;No;No;None;Camera;No;No;No;https://memini.com/;http://vandrico.com/wearables;Wearable event-recording camera;In production
Tracker;Children, wearable ;Moff;1;Moff;Bluetooth;Proprietary;Yes (iOS, Android);No;No;No;None;Accelerometer, Gyroscope;No;No;No;http://www.moff.mobi/;http://vandrico.com/wearables;Wearable device worn on the wrist that reproduces toys' sounds while children are playing;In production
Tracker;Children, monitoring;Mondevices;1;Monbaby;Bluetooth;Proprietary;Yes (iOS, Android);No;No;No;Breat and movement patterns;Accelerometer;No;No;No;https://monbaby.com/;http://vandrico.com/wearables;Clip-on breathing and activity tracker for babies;In production
Tracker;Fetal, prenatal, heart-rate monitor;Monica Healthcare;2;Novii Wireless Patch System, Monica AN24;Bluetooth;Proprietary;No;No;No;No;FHR, MHR, UA;ECG Sensor, EMG Sensor;Yes (FDA approved, CE marked);Yes (Bluetooth);No;http://www.monicahealthcare.com/products/labour-and-delivery/monica-novii-wireless-patch-system;http://vandrico.com/wearables;Wearable device designed for high BMI patients designed for monitoring of fetal and maternal HR;In production
Tracker;Foot pressure, motion analysis;Moticon;1;OpenGo;Ant+;Proprietary;Yes (Linux, Windows, OSX, Android);No;No;No;Motion analysis;Accelerometer, Pressure sensor;No;No;No;http://www.moticon.de;http://vandrico.com/wearables;Wearable device that measures plantar foot pressure for motion analysis;In production
Tracker;Activity sensor;MyKronoz;5;ZeFit, ZeFit 2, ZeFit 2 Pulse, ZeFit 3HR, ZeCircle 2;USB, Bluetooth;Proprietary;Yes (iOS, Windows, Android, Windows Mobile, OSX, Linux & Blackberry);No;No;No;PA (ST + EE), SL, HR;Accelerometer;No;No;No;https://www.mykronoz.com ;http://vandrico.com/wearables;Wrist worn physical activity tracker / fitness monitor;In production
Tracker;Activity sensor;MyKronoz;3;ZeCircle, ZeClock, ZeRound;USB, Bluetooth;Proprietary;Yes (iOS, Windows, Android, Windows Mobile, OSX, Linux & Blackberry);No;No;No;PA (ST + EE);Accelerometer;No;No;No;https://www.mykronoz.com ;http://vandrico.com/wearables;Wrist worn physical activity tracker / fitness monitor;In production
Tracker;Muscle, performance, training;Myontec;2;Mbody, Mbody Pro;Bluetooth;Proprietary;Yes (Windows, Windows Mobile, iOS, Android);No;No;No;Multiple muscle metrics;Heart Rate Monitor, Altimeter, Accelerometer, Muscle Contraction Sensor;No;No;No;https://www.myontec.com;http://vandrico.com/wearables;Wearable device that gathers and analysis muscles' activity data;In production
Tracker;UV sensor;Netatmo;1;June;Bluetooth;Proprietary;Yes (iOS);No;No;No;UV;Ultraviolet Light Sensor;No;No;No;https://www.junebynetatmo.com/en-US/site;http://vandrico.com/wearables;UV sensing bracelet;In production
Tracker;EEG, headset;Neurosky;2;Mindwave, Mindwave Mobile;Bluetooth;Proprietary;Yes (Windows, iOS, Android);No;No;No;EEG power spectrum;TGAM1 module;No;No;No;https://store.neurosky.com/pages/mindwave;http://vandrico.com/wearables;Mobile EEG headset;In production
Tracker;Body area network;Notch;1;Notch;Bluetooth;Proprietary;Yes (Android);No;No;No;Motion analysis;Accelerometer, Gyroscope, Magnetometer;No;Yes (Bluetooth);No;http://wearnotch.com/;http://vandrico.com/wearables;Set of wearable sensor for motion analysis;In production
Tracker;Wearable ECG recorder;Nuubo;1;nECG Minder;Bluetooth, USB;Proprietary;Yes (OSX, Windows, iOS, Android);No;No;No;PA, ECG;Accelerometer, ECG sensor;Yes (FDA approved, CE marked);Yes (Bluetooth);No;http://www.nuubo.com;http://vandrico.com/wearables;Wearable activity monitor designed to record ECG signals;In production
Tracker;Authentication device;Nymi;1;The Nymi Band;Bluetooth, NFC;Proprietary;Yes (Android, iOS);No;No;No;HR;Accelerometer, Gyroscope, Biometric Authenticator;No;No;Yes;https://nymi.com/ ;http://vandrico.com/wearables;Wrist worn authentication device;In production
Tracker;Smart bra;OMsignal;1;Bra;Bluetooth;Proprietary;Yes (iOS);No;No;No;PA (ST + EE), BTH,  HR;Heart Rate Monitor, Respiratory Monitor, Accelerometer;No;No;No;https://omsignal.com;http://vandrico.com/wearables;High-performance sports Bra that records heart rate and physical activity data;In production
Tracker;Fatigue, Drowsiness, Glasses ;Optalert;2;Eagle Portable, Eagle Industrial;Bluetooth, USB, WiFi;Proprietary;Yes (iOS, Android, Windows);No;No;No;Eylid motion;LED sensor;No;No;No;http://www.optalert.com/;http://vandrico.com/wearables;Fatigue management system that detects the physiological warning signs of early onset drowsiness;In production
Tracker;Heads-up display;O-Synce;1;Screeneye x;ANT+, USB;Proprietary;Yes (Windows);No;No;No;PA (ST + EE), HR;Thermometer, Temperature Sensor;No;Yes (USB);No;http://www.o-synce.com/en/products/running-fitness/data4vision-series/screeneye-x.html;http://vandrico.com/wearables;Wearable augmented-reality heads up display;In production
Tracker;Baby, remote monitoring;Owlet;2;Baby Monitor, Smart Sock 2;Bluetooth;Proprietary;Yes (iOS);No;No;No;HR, SpO2;Heart Rate Sensor, Oximeter;No;No;No;http://www.owletcare.com/smart-sock-2/;http://vandrico.com/wearables;Owlet Baby Monitor is a sock designed for babies to detect heart rate, oxygen levels;In production
Tracker;Heart Rate Monitor;Polar;15;A300, M200, M400, M450, M600, Polar A360, Polar Loop, Polar Loop 2, Polar Loop Crystal, V650, V800, RCX5, FT4, FT7, H7;Bluetooth;Heart rate service (Bluetooth Smart);Yes (Android,iOS);No;Yes;No;PA (ST + EE), HR;Accelerometer, Gyroscope, Heart rate sensor;No;Yes (Bluetooth, REST API);No;https://www.polar.com/uk-en;http://vandrico.com/wearables;Wrist worn physical activity tracker / fitness monitor;In production
Tracker;Armband, heart rate, blood pressure;Qardio;1;QardioArm;Bluetooth;Proprietary;Yes (Android, iOS);Yes (Google Fit, Apple Health);No;Yes (Shimmer);HR, BP;Blood pressure, heart rate sensor;No;Yes (REST API);No;https://www.getqardio.com;http://vandrico.com/wearables;Arm-band which tracks and measures the users vital health signs;In production
Tracker;Elderly, monitoring, panic button;Qmedic;1;Qmedic;RF;Proprietary;No;No;No;No;PA, SL;Accelerometer, Thermometer, Temperature Sensor;No;No;No;https://www.qmedichealth.com/;http://vandrico.com/wearables;Elderly people monitoring device;In production
Tracker;Elderly, monitoring;ReemoHealth;1;Reemo;Undisclosed;Proprietary;No;No;No;No;None;Accelerometer, Gyroscope, Magnetometer, Compass;No;No;No;http://reemohealth.com;http://vandrico.com/wearables;Wearable device to assist elderly health status monitoring;In production
Tracker;Behaviour research, industry;SensoMotoric Instrument;2;SMI Eye Tracking Glasses, SMI Driver Machine Analysis Package;WiFi;Proprietary;Yes (Windows, iOS);No;No;No;Image analysis;Camera;No;No;No;https://www.smivision.com;http://vandrico.com/wearables;Hi-tech pair of glasses used to record what is in the user's field of vision;In production
Tracker;Basketball, shot, sensor;ShotTracker;1;ShotTracker;Bluetooth;Proprietary;Yes (iOS, Android);No;No;No;None;Undisclosed;No;No;No;http://shottracker.com;http://vandrico.com/wearables;Wearable tech for the baller that automatically tracks shot attempts, makes, and misses.;In production
Tracker;Muscle, activity, electrode;Somaxis;1;MyoLink;Bluetooth;Proprietary;Yes (iOS, Android);No;No;No;Motion analysis, EEG, EKG, EMG;6-Axis IMU, EEG Sensor, EMG Sensor, ECG Sensor;No;No;No;https://www.somaxis.com/;http://vandrico.com/wearables;Muscle activity monitor of the arm for health and fitness purposes;In production
Tracker;Breath ;Spire;1;Spire;Bluetooth;Proprietary;Yes (Android, iOS);Yes (Apple Health);No;No;PA (ST + EE), BTH;Accelerometer, Respiratory monitor;No;Yes (REST API);No;https://spire.io/;http://vandrico.com/wearables. https://spire.io/;Breath and activity tracker;In production
Tracker;Smartcap;Spree Wearables;1;Smartcap;Bluetooth;Proprietary;Yes (iOS, Android);No;No;No;PA (ST + EE), HR, TMP;GPS, Accelerometer, Plethysmograph;No;No;No;http://spreewearables.com;http://vandrico.com/wearables;;In production
Tracker;Gesture control device;Thalmic Labs;1;Myo Armband;USB, Bluetooth;Proprietary;Yes (iOS, Windows, Android, OSX, Linux);No;No;No;EMG;Accelerometer;No;Yes (Bluetooth);No;https://www.myo.com/;http://vandrico.com/wearables;Gesture control device that uses arm and hand movements to operate.;In production
Tracker;Activity sensor;Timex;3;Ironman Move x20, Ironman One GPS+, Ironman Run X50;Bluetooth;Proprietary;Yes (iOS, Windows, Android, OSX);No;Yes (Strava);No;PA (ST + EE);Accelerometer, GPS;No;Yes (REST API);Yes;http://global.timex.com/;http://vandrico.com/wearables;Fitness tracker with limited smartwatch functionalities;In production
Tracker;Golf, coaching;Voice Caddie;5;D1, T1, VC100, VC200, VS300;USB;Proprietary;No;No;No;No;None;GPS;No;No;No;http://www.voicecaddie.com/en/;http://vandrico.com/wearables;Voice coaching wearable device;In production
Tracker;Activity sensor;Wahoo;3;Run Workout Tracker, Tickr X Workout Tracker, Tickr Heart Rate Monitor;Bluetooth, ANT+;Proprietary;Yes (Android, iOS);No;No;No;PA (ST + EE), HR;Accelerometer;No;Yes (REST API);No;https://www.wahoofitness.com/;http://vandrico.com/wearables;Wearable physical activity tracker;In production
Tracker;Wearable blood pressure monitor;Withings/Nokia;1;Blood Pressure Monitor;Bluetooth;Proprietary;Yes (Android,iOS);Yes (Google Fit, Apple Health);Yes;Yes (Shimmer, Glooko);BP, HR;None;No;Yes (REST API);No;https://www.withings.com/ ;http://vandrico.com/wearables. http://www.getshimmer.co/;Bluetooth wearable blood pressure monitor;In production
Tracker;Activity sensor/watch;Withings/Nokia;2;Activit?, Activit? Pop;Bluetooth;Proprietary;Yes (Android,iOS);Yes (Google Fit, Apple Health);Yes;Yes (Shimmer, Glooko);PA (ST + EE), SL;Accelerometer, Gyroscope;No;Yes (REST API);No;https://www.withings.com/ ;http://vandrico.com/wearables. http://www.getshimmer.co/;Physical activity tracker integrated into wristwatch;In production
Tracker;Smart Temporal Thermometer;Withings/Nokia;1;Thermo;Bluetooth;Proprietary;Yes (Android,iOS);Yes (Google Fit, Apple Health);Yes;Yes (Shimmer, Glooko);TMP;None;No;Yes (REST API);No;https://www.withings.com/ ;http://vandrico.com/wearables. http://www.getshimmer.co/;Bluetooth personal temperature meter;In production
Tracker;Sensor, sports tracker;Xensr;1;Xensr Air;Bluetooth;Proprietary;Yes (Android, iOS);No;No;No;None;Accelerometer, Gyroscope, Magnetometer, GPS;No;No;No;http://xensr.com/;http://vandrico.com/wearables;Sports tracker;In production
Tracker;Sensor, swimming, sports tracker;Xmetrics;2;Xmetrics Pro, Xmetrics Fit;USB, Bluetooth;Proprietary;Yes (iOS, Windows, OSX, Android);No;No;No;EE;Accelerometer, Gyroscope, Magnetometer;No;No;No;http://www.xmetrics.it;http://vandrico.com/wearables;Wearable tracker for swimmers;In production
Tracker;Animation;Xsens;2;MVN, MVN Biotech;RF;Proprietary;Yes (Windows);No;No;No;None;Accelerometer, Gyroscope, Magnetometer;No;Yes;No;https://www.xsens.com/;http://vandrico.com/wearables;Wearable motion-capture device aimed at professional animators;In production
Tracker;Activity sensor;Zikto;1;Walk;Bluetooth;Proprietary;Yes (Android, iOS);No;No;No;PA (ST + EE), SL;Accelerometer, Gyroscope, Proximity sensor;No;No;No;http://www.zikto.com/main.html;http://vandrico.com/wearables;Smartwatch;In production
Tracker;Activity sensor;WOR(l)D Global Network;1;Helo;Bluetooth;Proprietary;Yes (Android,iOS);No;No;No;PA (ST + EE), SL, HR, TMP, BP, Mood, Fatigue, ECG;Accelerometer, Gyroscope, Heart rate sensor;No;Yes (Bluetooth, REST API);No;http://helo.life/index_enter.html;http://helo.life/index_enter.html;Wrist worn physical activity tracker / fitness monitor;Marketing scam 
Tracker;CGM, Patch, Non-invasive;Dia-Vit;1;Dia-Vit Tracker;Unknown;Proprietary;Unknown;Unknown;Unknown;Unknown;BG;None;Unknown;Unknown;No;http://dia-vit.com/;https://www.wearable-technologies.com/2016/07/new-ways-for-monitoring-diabetes/;Non-invasive BG sensor;Not released yet
Tracker;Augmented reality, HUD, glass;Lumus;3;DK-40, DK-50, Sleek;Undisclosed;Unknown;Unknown;Unknown;Unknown;Unknown;Unknown;Accelerometer, Gyroscope, Magnetometer, Compass;No;No;No;https://lumusvision.com;http://vandrico.com/wearables;Wearable head mounted display with augmented reality capabilities;Not released yet
Tracker;CGM, Patch, Non-invasive;Nemaura Medical;1;SugarBEAT;Unknown;Proprietary;Yes (Unknown);Unknown;Unknown;Unknown;BG;None;Yes (FDA approved, CE marked);Unknown;No;http://www.nemauramedical.com/;https://www.wearable-technologies.com/2016/07/new-ways-for-monitoring-diabetes/;Non-invasive BG monitoring system;Not released yet
Tracker;Chest strap, ECG;Qardio;1;QardioCore;Bluetooth;Proprietary;Yes (iOS);Yes (Google Fit, Apple Health);No;Yes (Shimmer);ECG, TMP;ECG, Thermometer;No;Yes (REST API);No;https://www.getqardio.com;http://vandrico.com/wearables;Chest-worn device measuring heart rate,  temperature and physical activity;Not released yet
Tracker;Electrodes, oxygen consumption;SenseCore;1;Sense Pro;Undisclosed;Proprietary;No;No;No;No;PA (ST + EE), EPOC;ECG Sensor, Respiratory Monitor, Accelerometer, Temperature Sensor;No;No;No;http://senseyourcore.com/;http://vandrico.com/wearables;Wearable electrodes that compute post-exercise oxygen consumption (EPOC), speed/pace, distance, cadence, total steps and activity classification;Not released yet
Tracker;Wristband;Sensmi;1;Sensmi;Bluetooth;Proprietary;Yes (iOS, Android);No;No;No;GSR, SL;GSR, Accelerometer;No;No;No;http://sensmiband.com/index.html;http://google.com;Wristband for monitoring of stress levels;Not released yet
Tracker;Punch tracker, gym, boxing;Striketec;1;StrikeTec;Bluetooth;Proprietary;Yes (iOS, Android);No;No;No;Motion analysis;Accelerometer, Gyroscope;No;No;No;http://www.striketec.com;http://google.com;Fitness boxing tracker;Not released yet
Tracker;Skin, sensor;Vancive Medical Technologies;1;Metria IH1;USB;Proprietary;Yes (Windows, OSX);No;No;No;None;Accelerometer, Galvanometer, Thermometer & Temperature Sensor;No;No;No;https://vancive.averydennison.com/;http://vandrico.com/wearables;Disposable wearable device that detects the user's skin temperature and activity;Not released yet
Tracker;Activity sensor;Wearit;1;Smartwatch;WiFi, Bluetooth, USB, RFID;Proprietary;Yes (Android);No;No;No;PA (ST + EE);Accelerometer, Gyroscope, GPS;No;No;No;http://www.ti.com/devnet/docs/catalog/endequipmentproductfolder.tsp?actionPerformed=productFolder&productId=14680;http://vandrico.com/wearables;Smartwatch;Not released yet
Tracker;Ankle, Wearable system, Step impact;Xybermind;1;Achillex;USB;Proprietary;Yes (Windows);No;No;No;Impact force, degree of pronation, and orientation of the foot;Unknown;No;No;No;http://www.achillex.de/en/info.htm;http://vandrico.com/wearables;Wearable system used to determine the ideal shoe for the user;Not released yet
Tracker;Activity sensor;Nike;3;FuelBand, FuelBand SE, Sportwatch GPS;USB, Bluetooth;Proprietary;Yes (iOS, Windows, Android);No;No;No;PA (ST + EE), GPS;Accelerometer, Gyroscope;No;Yes (REST API);No;https://www.nike.com/CZ/cs_CZ/p/activity;http://vandrico.com/wearables;Wrist worn physical activity tracker / fitness monitor;Product discontinued
Smartwatch;Smartwatch;Apple Watch;2;Serie 1, Serie 2;Bluetooth, WiFi, NFC;Proprietary;Yes (iOS);Yes (Apple Health);No;No;HR;Accelerometer, Gyroscope, Compass, GPS;No;Yes (REST API);Yes;http://www.apple.com/no/watch/;http://vandrico.com/wearables. http://support.walkingspree.com/hc/en-us/sections/206748667-Devices-Connected-via-Apple-Health-Google-Fit;Smartwatch;Available
Smartwatch;Smartwatch;Qualcomm;1;Toq;Bluetooth;Proprietary;Yes (Android);No;No;No;None;None;No;No;No;http://toq.qualcomm.com;http://vandrico.com/wearables;Smartwatch;Discontinued
Smartwatch;Smartwatch;Fossil;3;Q Marshal, Q Founder, Q Wander;Bluetooth;Proprietary;Yes (Android, iOS);Yes (Google Fit);No;Yes (Shimmer);None;Accelerometer, Gyroscope, Compass;No;Yes (Bluetooth, REST API);Yes;https://www.fossil.com/us/en/wearable-technology/smartwatches/smartwatches-touchscreen.html;https://www.wareable.com/smartwatches;Smartwatch;In production
Smartwatch;Smartwatch;Garmin;2;Approach S3, Approach S6;Bluetooth, USB;Proprietary;Yes (iOS, Android, Windows Mobile);No;Yes;No;PA (ST + EE);Accelerometer, GPS, Altimeter;No;Yes;No;http://www.garmin.com;http://vandrico.com/wearables. https://support.strava.com/hc/en-us/articles/216918057-Uploading-from-a-Garmin-device-;Bluetooth connected smartwatch;In production
Smartwatch;Sportwatch;Garmin;1;Swim;Ant+;Proprietary;Yes (iOS, Windows, Android, Windows Mobile, OSX, Linux);No;Yes;No;PA (Swim stroke + Laps + Distance);Accelerometer, GPS, Altimeter;No;Yes;No;http://www.garmin.com;http://vandrico.com/wearables. https://support.strava.com/hc/en-us/articles/216918057-Uploading-from-a-Garmin-device-;Bluetooth connected smartwatch;In production
Smartwatch;Sportwatch;Garmin;5;Forerunner 15, Forerunner 910XT, Forerunner 920XT, Forerunner 620, Forerunner 220;WiFi, USB, Bluetooth, ANT+;Proprietary;Yes (iOS, Windows, Android, Windows Mobile, OSX, Linux);No;Yes;No;PA (ST + EE);Accelerometer, GPS, Altimeter;No;Yes;No;http://www.garmin.com;http://vandrico.com/wearables. https://support.strava.com/hc/en-us/articles/216918057-Uploading-from-a-Garmin-device-;Bluetooth connected smartwatch;In production
Smartwatch;Smartwatch;Garmin;5;vivomove, vivofit, vivofit 2, vivofit 3, vivosmart;Bluetooth;Proprietary;Yes (iOS, Android, Windows Mobile);No;Yes;No;PA (ST + EE);Accelerometer, GPS, Altimeter;No;Yes;No;http://www.garmin.com;http://vandrico.com/wearables. https://support.strava.com/hc/en-us/articles/216918057-Uploading-from-a-Garmin-device-;Bluetooth connected smartwatch;In production
Smartwatch;Smartwatch;Garmin;1;vðvoactive ;Bluetooth;Proprietary;Yes (Android,iOS);No;Yes;No;HR;Accelerometer, GPS, Altimeter;No;Yes;No;http://www.garmin.com;http://vandrico.com/wearables. https://support.strava.com/hc/en-us/articles/216918057-Uploading-from-a-Garmin-device-;Bluetooth connected smartwatch;In production
Smartwatch;Smartwatch;Hewlett-Packard;1;MB Chronowing;Bluetooth;Proprietary;Yes (Android, iOS);No;No;No;None;None;No;No;No;https://engineeredby.hp.com/michael-bastian/;http://vandrico.com/wearables;Smartwatch;In production
Smartwatch;Smartwatch;Huawei;2;Huawei Watch, Huawei Watch 2;Bluetooth;Proprietary;Yes (Android, iOS);Yes (Google Fit);Yes;Yes (Shimmer);PA (ST + EE), SL;Accelerometer;No;Yes (Bluetooth, REST API);Yes;http://consumer.huawei.com/en/wearables/huawei-watch/index.htm;http://vandrico.com/wearables. http://www.getshimmer.co/;Smartwatch;In production
Smartwatch;Notifications, wristwatch;Intel;1;Mica;GSM;Proprietary;Unknown;Unknown;Unknown;Unknown;Unknown;Unknown;Unknown;Unknown;Unknown;None;http://vandrico.com/wearables;Smart notification device;In production
Smartwatch;Notifications, wristwatch;Intel;1;Runiq;Bluetooth;Proprietary;Yes (Android, iOS);No;Yes (Strava);No;PA (ST + EE), SL, HR;Accelerometer, Gyroscope, GPS;No;Yes (REST API);No;http://www.newbalance.com/runiq/;https://newsroom.intel.com/news/new-balance-runiq-engineered-intel-delivers-amazing-experiences-performance-tracking-runners/;Sport smartwatch;In production
Smartwatch;Smartwatch;Leikr;1;GPS Sport Watch;WiFi, USB, ANT+;Proprietary;Yes (OSX, Windows, Linux, iOS & Android);No;Yes (MapMyFitness, Strava);No;PA (ST + EE);GPS;No;No;No;http://www.leikr.com;http://vandrico.com/wearables;Sport smartwatch;In production
Smartwatch;Smartwatch;LG;2;LG G Watch R, LG Watch Urbane;Bluetooth;Proprietary;Yes (Android, iOS);Yes (Google Fit);No;Yes (Shimmer);PA (ST + EE), SL, HR;Accelerometer, Gyroscope, Barometer;No;Yes (Bluetooth, REST API);Yes;http://www.lg.com/us/smart-watches/lg-W110-lg-watch-r;http://vandrico.com/wearables. http://support.walkingspree.com/hc/en-us/sections/206748667-Devices-Connected-via-Apple-Health-Google-Fit;Smartwatch;In production
Smartwatch;Notifications, wristwatch;Martian;14;AE01, PT02, PTL02, AE02, PT01, PTL01, Aviator B10, Envoy G10, Electra E10, Alpha T10, Electra T10, Passport, Victory, G2G;USB, Bluetooth;Proprietary;Yes (Android, iOS);No;No;No;None;None;No;No;No;https://www.martianwatches.com;http://vandrico.com/wearables;Simple smartwatch with notification functionalities;In production
Smartwatch;Notifications, wristwatch;Martian;9;CL04, CL05, CL06, CL03, CL07, CL02, SP03, SP01, CL01;USB, Bluetooth;Proprietary;Yes (Android, iOS);No;No;No;None;None;No;No;No;https://www.martianwatches.com;http://vandrico.com/wearables;Simple smartwatch with notification functionalities;In production
Smartwatch;Smartwatch;Michael Kors;1;Access;Bluetooth;Proprietary;Yes (Android, iOS);Yes (Google Fit);No;Yes (Shimmer);None;Accelerometer, Gyroscope;No;Yes (Bluetooth, REST API);Yes;https://www.michaelkors.com/watches/michael-kors-access/_/N-1lq1i8o;https://www.wareable.com/smartwatches;Smartwatch;In production
Smartwatch;Smartwatch;Moto;3;360, 360 2, 360 Sport;Wifi, Bluetooth;Proprietary;Yes (Android, Blackberry, iOS, Linux, OSX, Windows, Windows Mobile);Yes (Google Fit);No;No;HR;Accelerometer;No;Yes (Bluetooth, REST API);Yes;https://www.motorola.com/us/products/moto-360;http://vandrico.com/wearables;Smartwatch;In production
Smartwatch;Smartwatch;MyKronoz;6;ZeWatch 2, ZeWatch 3, ZeWatch 4,ZeWatch 4HR, ZeRound, ZeSport;USB, Bluetooth;Proprietary;Yes (iOS, Windows, Android, Windows Mobile, OSX, Linux & Blackberry);No;No;No;PA (ST + EE), SL, HR;Accelerometer;No;No;No;https://www.mykronoz.com ;http://vandrico.com/wearables;Smartwatch;In production
Smartwatch;Smartwatch;MyKronoz;2;ZeSplash, ZeSplash 2;USB, Bluetooth;Proprietary;Yes (Android, iOS);No;No;No;PA (ST + EE);Accelerometer;No;No;No;https://www.mykronoz.com ;http://vandrico.com/wearables;Smartwatch;In production
Smartwatch;Smartwatch, fitness, tracking;Nevo;1;Nevo watch;Bluetooth;Proprietary;Yes (iOS, Android);Yes (Google Fit, Apple Health);No;No;PA (ST + EE), SL;Accelerometer;No;No;No;http://nevowatch.com/;http://vandrico.com/wearables;Watch with fitness tracking capabilities;In production
Smartwatch;Smartwatch;Nixon;1;The Mission;Bluetooth;Proprietary;Yes (Android, iOS);Yes (Google Fit);No;Yes (Shimmer);None;Accelerometer, Barometer, Altimeter, Gyroscope, Thermometer, Humidity;No;Yes (Bluetooth, REST API);Yes;http://www.nixon.com/no/en/smart;https://www.wareable.com/smartwatches;Smartwatch;In production
Smartwatch;Smartwatch;Omate;1;TrueSmart;Bluetooth;Proprietary;Yes (Android, iOS);Yes (Google Fit);No;Yes (Shimmer);None;None;No;Yes (REST API);Yes;https://www.omate.com/;https://www.wareable.com/smartwatches;Smartwatch;In production
Smartwatch;Wristband, notifications;Razer;1;Nabu;Bluetooth, USB;Proprietary;Yes (iOS, Android);No;No;No;None;Accelerometer, Altimeter;No;No;No;https://www.razerzone.com/nabu;http://vandrico.com/wearables;Gesture driven wearable smart watch that uses data collection to provide a preference based user experience;In production
Smartwatch;Smartwatch;Rip Curl;1;SearchGPS;Bluetooth;Proprietary;Yes (iOS);No;No;No;SP;Accelerometer, Gyroscope;No;No;No;http://searchgps.ripcurl.com/;http://vandrico.com/wearables;Smartwatch;In production
Smartwatch;Smartwatch;Samsung ;4;Gear, Gear 2, Gear 2 Neo, Gear Fit 2;Bluetooth;Proprietary;Yes (Android);No;Yes (Workout Trainer);No;PA (ST + EE);Accelerometer, Gyroscope;No;No;No;http://www.samsung.com/us/mobile/wearables/;http://vandrico.com/wearables. http://support.walkingspree.com/hc/en-us/sections/206748667-Devices-Connected-via-Apple-Health-Google-Fit;Smartwatch;In production
Smartwatch;Smartwatch;Samsung ;3;Gear S, Gear S2, Gear S3;Bluetooth;Proprietary;Yes (Android, iOS);No;Yes (Workout Trainer);No;PA (ST + EE), SL, HR;Accelerometer, Gyroscope, Barometer, GPS ;No;No;No;http://www.samsung.com/us/mobile/wearables/;http://vandrico.com/wearables. http://support.walkingspree.com/hc/en-us/sections/206748667-Devices-Connected-via-Apple-Health-Google-Fit;Smartwatch;In production
Smartwatch;Smartwatch;Sony;3;Smartwatch, SmartWatch 2, SmartWatch 3;USB, Bluetooth, NFC;Proprietary;Yes (Android);Yes (Google Fit);No;No;PA (ST + EE), SL;Accelerometer, Magnetometer, Gyroscope, GPS, Compass;No;Yes (REST API);Yes;https://www.sonymobile.com/no/products/smart-products;http://vandrico.com/wearables. http://support.walkingspree.com/hc/en-us/sections/206748667-Devices-Connected-via-Apple-Health-Google-Fit;Smartwatch;In production
Smartwatch;Smartwatch;Suunto;3;Ambit, Ambit2, Quest;Bluetooth, ANT+;Proprietary;Yes (Windows, OSX, Linux);No;Yes (Strava);No;PA (ST + EE), SL, HR;Accelerometer, Barometer, Altimeter, GPS;No;Yes (REST API);Yes;http://www.suunto.com/;http://vandrico.com/wearables. https://support.strava.com/hc/en-us/articles/216918017-Automatically-uploading-to-Strava-from-your-Suunto-device;Smartwatch;In production
Smartwatch;Smartwatch;Tag Heuer;1;Connected;Bluetooth;Proprietary;Yes (Android, iOS);Yes (Google Fit);No;Yes (Shimmer);None;Accelerometer, Gyroscope;No;Yes (Bluetooth, REST API);Yes;https://www.tagheuer.com/en-us/watches/tag-heuer-connected;https://www.wareable.com/smartwatches;Smartwatch;In production
Smartwatch;Smartwatch;Wellograph Co., Ltd.;1;Wellograph;Bluetooth, USB;Proprietary;Yes (Android, iOS, Windows);No;Yes (MapMyFitness);No;PA (ST + EE), SL, HR;Accelerometer, Gyroscope, Magnetometer, Compass;No;No;No;https://wellograph.com/;http://vandrico.com/wearables;Wellness watch ;In production
Smartwatch;Smartband;Zeblaze;1;ZeBand;Bluetooth, GSM;Proprietary;Yes (Android, iOS);No;No;No;PA (ST + EE), SL;Accelerometer, Gyroscope, GPS, Heart Rate Monitor, Pressure Sensor;No;No;No;http://www.zeblaze.com;http://vandrico.com/wearables;Smartband;In production
Smartwatch;Smartwatch;Zeblaze;5;Classic, Blitz, Rover, Crystal, Cosmo;Bluetooth, GSM;Proprietary;Yes (Android, iOS);No;No;No;PA (ST + EE), SL;Accelerometer, Gyroscope, GPS, Heart Rate Monitor, Pressure Sensor;No;No;No;http://www.zeblaze.com;http://vandrico.com/wearables;Smartwatch;In production
Smartwatch;Smartwatch;TomTom;3;TomTom Golfer, TomTom Runner Cardio, TomTom Spark;USB, Bluetooth;Proprietary;Yes (Android, iOS);No;No;No;PA (ST + EE), SL, HR;Heart Rate Monitor, Accelerometer;No;Yes (REST API);No;https://www.tomtom.com/en_us/sports/fitness-watches/#watch;http://vandrico.com/wearables/device-categories/company/tomtom;Smartwatch;In production
Smartwatch;Smartwatch;Blocks;1;Blocks;Bluetooth, WiFi;OpenSource;Yes (Android,iOS);No;No;No;HR;Accelerometer, Gyroscope, Compass, GPS, Humidity Sensor, Pressure Sensor, Thermometer;No;Yes;Yes;https://new.chooseblocks.com/discover/overview;http://vandrico.com/wearables;Modular smartwatch;Not released yet
Smartwatch;Smartwatch, accessory;Kiwi;1;Glance;Bluetooth;Proprietary;Yes (Android, iOS);No;No;No;None;Accelerometer, Gyroscope, Magnetometer, Barometer, Compass;No;No;No;https://kiwi.ai/;http://vandrico.com/wearables;Smartwatch accessory;Not released yet
Smartwatch;Smartwatch;Unaliwear;1;Kanega;WiFi, GSM, Bluetooth;Proprietary;No;No;No;No;None;Accelerometer, GPS;No;No;No;http://www.unaliwear.com/;http://vandrico.com/wearables;Smartwatch for elderly people with fall detection and voice control;Not released yet
Smartwatch;Smartwatch;LG;1;Gizmopal VC100;GSM;Proprietary;Yes (Android, iOS);No;No;No;None;GPS;No;No;No;http://www.lg.com/us/mobile-accessories/lg-FB84-BM-activity-tracker;http://vandrico.com/wearables;Wearable device which enables parents, guardians, and caregivers a simple method of keeping track of the wearer.;Product discontinued
Smartwatch;Smartwatch;LG;1;Lifeband Touch;Bluetooth;Proprietary;Yes (Android, iOS);No;No;No;PA (ST + EE), SL;Accelerometer, Altimeter;No;No;No;http://www.lg.com/us/mobile-accessories/lg-FB84-BM-activity-tracker;http://vandrico.com/wearables;Physical activity tracker;Product discontinued
Smartwatch;Earphones;LG;1;Heart Rate Monitor ;Bluetooth;Proprietary;Yes (Android, iOS);No;No;No;HR;None;No;No;No;http://www.lg.com/us/mobile-accessories/lg-FB84-BM-activity-tracker;http://vandrico.com/wearables;;Product discontinued
Smartwatch;Notifications, wristwatch;Martian;1;Martian Notifier;USB, Bluetooth;Proprietary;Yes (Android, iOS);No;No;No;None;None;No;No;No;https://www.martianwatches.com;http://vandrico.com/wearables;Simple smartwatch with notification functionalities;Product discontinued
Smartwatch;Smartwatch;Microsoft;2;Band, Band 2;Bluetooth;Proprietary;Yes (iOS, Windows, Android, Windows Mobile);Yes (Microsoft HealthVault);Yes (Strava);No;PA (ST + EE), SL, HR;Accelerometer, Barometer, GPS, Gyroscope, Thermometer, UV sensor, Galvanometer;No;Yes (REST API);Yes;https://www.microsoft.com/microsoft-band/en-us ;http://vandrico.com/wearables. https://www.microsoft.com/microsoft-band/en-us;Smartwatch;Product discontinued
Smartwatch;Smartwatch;MyKronoz;1;ZeBracelet2;USB, Bluetooth;Proprietary;Yes (Android, iOS);No;No;No;PA (ST + EE);Accelerometer;No;No;No;https://www.mykronoz.com ;http://vandrico.com/wearables;Smartwatch;Product discontinued
Smartwatch;Smartwatch;MyKronoz;3;ZeWatch, ZeBracelet, ZeNano;Bluetooth;Proprietary;Yes (iOS, Windows, Android, Windows Mobile, OSX, Linux & Blackberry);No;No;No;PA (ST + EE);Accelerometer;No;No;No;https://www.mykronoz.com ;http://vandrico.com/wearables;Smartwatch;Product discontinued
Smartwatch;Smartwatch;Pebble;5;Pebble, Pebble 2, Pebble 2 SE, Time Steel, Time Round;Bluetooth;Proprietary;Yes (Android,iOS);Yes (Google Fit, Apple Health);No;No;PA (ST + EE), SL, HR;Accelerometer, Gyroscope;No;Yes (Bluetooth, REST API);Yes;https://www.pebble.com/ ;http://vandrico.com/wearables. https://www.pebble.com/health;Bluetooth connected smartwatch;Product discontinued
Smartwatch;Notifications, wristwatch;Intel;1;Basis Peak;Bluetooth;Proprietary;Yes (Android, iOS);Yes (Google Fit, Apple Health);No;No;PA (ST + EE), SL, HR, TMP;Accelerometer, Skin temeprature, Galvanic skin response sensor;No;No;No;https://www.mybasis.com/;http://smartwatches.org/;Smartwatch;Product discontinued/recalled
Tracker;Physical activity, tracker;Phyode;1;W/Me;Bluetooth, USB;Proprietary;Yes (iOS, Android);No;No;No;HR, HRV;Heart Rate Monitor, Respiratory Monitor;No;No;No;http://www.phyode.com/;http://vandrico.com/wearables;Heart rate monitor;Discontinued
Tracker;Physical activity, tracker;Pivotal Living;1;Life Tracker 1;Bluetooth;Proprietary;Yes (iOS, Android);No;No;No;PA (ST + EE), SL;Accelerometer;No;No;No;None;http://vandrico.com/wearables;Physical activity tracker;Discontinued
Tracker;Elderly, monitoring;Carepredict;1;Tempo;Wifi;Proprietary;Yes (OSX, Windows);No;No;No;PA (ST + EE);Accelerometer;No;No;No;https://www.carepredict.com/;http://vandrico.com/wearables;Wearable wristband that monitors seniors activities;In production
Tracker;Activity sensor;Fitbit;7;Zip, One, Flex, Alta, Charge HR, Blaze, Surge ;Bluetooth;Proprietary;Yes (Android,iOS);No;Yes;Yes (Shimmer, Glooko);PA (ST + EE), SL, HR;Accelerometer, Gyroscope;No;Yes (REST API);No;https://www.fitbit.com/no;http://vandrico.com/wearables. http://www.getshimmer.co/;Wrist worn physical activity tracker;In production
Tracker;Activity sensor;Fitbug;1;Orb;Bluetooth;Proprietary;Yes (Android, iOS, Windows, OSX);No;No;No;PA (ST + EE), SL;Accelerometer, Gyroscope;No;No;No;https://www.fitbug.com;http://vandrico.com/wearables;Wrist worn physical activity tracker;In production
Tracker;Activity sensor;Huawei;3;TalkBand B1, TalkBand B2, TalkBand B3;Bluetooth;Proprietary;Yes (Android, iOS);No;Yes;No;PA (ST + EE), SL;Accelerometer;No;Yes (REST API);No;http://consumer.huawei.com/en/wearables/talkband-b3/index.html;http://vandrico.com/wearables. http://www.getshimmer.co/;Wrist worn physical activity tracker / fitness monitor;In production
Tracker;Punch tracker, gym, boxing;Hykso;1;Hykso;Bluetooth;Proprietary;Yes (iOS, Android);No;No;No;Motion analysis;Punch count, punch speed, intensity score;No;No;No;https://www.hykso.com/;http://google.com;Fitness boxing tracker;In production
Tracker;Activity sensor;iFit technologies;4;Vue, Link, Axis HR, Active;WiFi, Bluetooth;Proprietary;Yes (iOS, Android);No;No;No;PA (ST + EE), SL;Accelerometer, Gyroscope;No;No;No;https://www.ifit.com;http://vandrico.com/wearables;Fitness tracker;In production
Tracker;Activity sensor, watch;iFit technologies;2;Classic, Duo;Bluetooth;Proprietary;Yes (iOS, Android);No;No;No;PA (ST + EE), SL;Accelerometer, Gyroscope;No;No;No;https://www.ifit.com;http://vandrico.com/wearables;Fitness tracker with limited smartwatch functionalities;In production
Tracker;Activity sensor;iHealth;2;Edge, Wave;Bluetooth;Proprietary;Yes (iOS, Android);No;No;No;PA (ST + EE), SL;Accelerometer, Gyroscope;No;No;No;https://ihealthlabs.com/;http://vandrico.com/wearables;Fitness tracker;In production
Tracker;Activity sensor;iHealth;1;Air;Bluetooth;Proprietary;Yes (iOS, Android);Yes (Apple Health);No;No;SpO2;Oximeter;No;No;No;https://ihealthlabs.com/;http://vandrico.com/wearables;Wireless Pulse Oximeter;In production
Tracker;Activity sensor, Activity tracker;Mio;5;Alpha, Alpha 2, FUSE, VELO, Link;Bluetooth, ANT+;Proprietary;Yes (Android, iOS);Yes (Google Fit, Apple Health);No;No;HR;Accelerometer;No;No;No;http://www.mioglobal.com;http://www.prnewswire.com/news-releases/mio-to-integrate-with-google-fit-to-make-inter-app-data-communications-seamless-266409221.html   http://blog.mioglobal.com/exciting-mio-go-app-updates-for-ios/;Wrist worn physical activity tracker / fitness monitor;In production
Tracker;Activity sensor, Activity tracker;Misfit;6;Ray, Shine, Shine 2, Link, Phase, Flash;Bluetooth;Proprietary;Yes (Android,iOS);Yes (Google Fit, Apple Health);Yes (FitnesSyncer);Yes (Shimmer);PA (ST + EE), SL, HR;Accelerometer, Gyroscope;No;Yes (REST API);No;https://misfit.com/;http://vandrico.com/wearables. http://www.getshimmer.co/;Wrist worn physical activity tracker;In production
Tracker;Activity sensor;Mushroom Labs;2;Moov Now, Moov HR;Bluetooth;Proprietary;Yes (Android, iOS);Yes (Google Fit, Apple Health);No;Yes (Shimmer);PA (ST + EE), SL, HR;Accelerometer, Gyroscope, Magnetometer, Compass;No;Yes (REST API);No;https://welcome.moov.cc/;http://vandrico.com/wearables;Personal physical activity coaching device;In production
Tracker;Wearable camera, life camera;Narrative;2;Clip 1, Clip 2;USB;Proprietary;Yes (Linux, Windows, OSX, Android);No;No;No;Image;GPS, Accelerometer, Magnetometer, Compass;No;No;No;http://getnarrative.com;http://vandrico.com/wearables;An automatic camera that continuously captures moments from persons life;In production
Tracker;Physical activity, tracker;Preventice;3;BodyGuardian Heart, BodyGuardian Verit?, BodyGuardian Holter;Bluetooth;Proprietary;Yes (iOS, Windows, Linux, OSX);No;No;No;HR, HRV;ECG Sensor, Respiratory Monitor;No;No;No;http://www.preventicesolutions.com/;http://vandrico.com/wearables;Heart rate monitor;In production
Tracker;Children, monitoring;Rest Devices;2;Mimo Activity Tracker, Mimo Sleep Tracker;Bluetooth, WiFi, USB;Proprietary;Yes (iOS);No;No;No;PA, SL;Accelerometer, Respiratory Monitor;No;No;No;http://mimobaby.com/;http://vandrico.com/wearables;Physical activity and sleep tracking of children;In production
Tracker;Physical activity, tracker;Scribe Labs;1;Run Scribe Pro;Bluetooth;Proprietary;Yes (iOS, Android);No;No;No;PA (ST + EE);Accelerometer, GPS, Gyroscope;No;No;No;http://runscribe.com;http://vandrico.com/wearables;Wearable device that gives athletes data about training;In production
Tracker;Children, tracker;Tinitell;1;Tinitell;Bluetooth, GSM;Proprietary;Yes (Android, iOS);No;No;No;None;Accelerometer, GPS;No;No;No;http://tinitell.com/;http://vandrico.com/wearables;Tracking device for children with a calling functionalities;In production
Tracker;Wearable, activity tracker;Whoop;2;WHOOP Strap, WHOOP Strap 2.0;Bluetooth;Proprietary;Yes (iOS);No;No;No;PA (ST + EE), SL, HR, HRV, TMP;Heart Rate Monitor, Accelerometer, Touch Interface, Temperature Sensor, Thermometer;No;No;No;https://get.whoop.com/products/whoop-strap;http://vandrico.com/wearables;Fitness tracker targetting athletes;In production
Tracker;Wearable, activity tracker, notification device;Wisewear;3;Duchess, Calder, Kingston;Bluetooth, WiFi;Proprietary;Yes (Android, iOS);No;No;No;PA (ST + EE), SL, HR, HRV, TMP;Accelerometer, GPS;No;No;No;http://wisewear.com/product/duchess/;http://vandrico.com/wearables;Wearable fitness tracker and notification device;In production
Tracker;Activity sensor;Humon;1;Hex;Bluetooth, ANT+;Proprietary;Yes (iOS, Android);No;No;No;Unknown;Oximeter;No;No;No;https://humon.io;http://vandrico.com/wearables;Wearable system to allow endurance athletes to train smarter by monitoring the way their muscles are using oxygen in real-time;Not released yet
Wearable;Safety, bracelet, location, awarness;PFO;1;Safety Bracelet;GSM;Proprietary;No;No;No;No;None;GPS;No;No;No;http://www.pfotech.com;http://vandrico.com/wearables;Positioning device with a patented alarm mechanism;In production
Wearable ;Communication;Theatro;1;Theatro;Wifi;Proprietary;Yes (Android, iOS);No;No;No;None;Microphone;No;No;No;http://theatro.com/;http://vandrico.com/wearables;Wearable device providing communication between employees;In production
Wearable ;Headband, stimulation;Thync;1;Thync;Bluetooth;Proprietary;Yes (iOS);No;No;No;None;None;No;No;No;http://www.thync.com/;http://vandrico.com/wearables;Headband using low level electrical signals for brain stimulation;In production
